{"cameraMode":{"drawMode":0,"name":"Shaded","section":"Shading Mode"},"sceneLighting":true,"audioPlay":false,"sceneViewState":{"m_AlwaysRefresh":false,"showFog":true,"showSkybox":true,"showFlares":true,"showImageEffects":true,"showParticleSystems":true,"showVisualEffectGraphs":true,"m_FxEnabled":true},"in2DMode":false,"pivot":{"x":31.991413116455079,"y":6.000761032104492,"z":-15.06014633178711},"rotation":{"x":0.07546480745077133,"y":-0.7653495669364929,"z":0.09138961881399155,"w":0.6324593424797058},"size":11.080873489379883,"orthographic":false}