{"cameraMode":{"drawMode":0,"name":"Shaded","section":"Shading Mode"},"sceneLighting":true,"audioPlay":false,"sceneViewState":{"m_AlwaysRefresh":false,"showFog":true,"showSkybox":true,"showFlares":true,"showImageEffects":true,"showParticleSystems":true,"showVisualEffectGraphs":true,"m_FxEnabled":true},"in2DMode":false,"pivot":{"x":33.673465728759769,"y":267.6507568359375,"z":-378.6396789550781},"rotation":{"x":-0.06862568855285645,"y":0.017055094242095948,"z":0.0011426928685978056,"w":0.9974690079689026},"size":46.5946044921875,"orthographic":false}