{"cameraMode":{"drawMode":0,"name":"Shaded","section":"Shading Mode"},"sceneLighting":true,"audioPlay":false,"sceneViewState":{"m_AlwaysRefresh":false,"showFog":true,"showSkybox":true,"showFlares":true,"showImageEffects":true,"showParticleSystems":true,"showVisualEffectGraphs":true,"m_FxEnabled":true},"in2DMode":false,"pivot":{"x":-31.001279830932618,"y":-101.60088348388672,"z":52.613197326660159},"rotation":{"x":-0.29474616050720217,"y":0.08070787042379379,"z":-0.02500992827117443,"w":-0.9517974257469177},"size":103.63666534423828,"orthographic":false}